{
  "folder_download_mode": "extract",
  "duplicate_mode": "overwrite",
  "last_key_url": "https://voters-rainbow-vertex-hurricane.trycloudflare.com",
  "last_username": "seungjjj",
  "last_password": "rmfosem1",
  "saved_servers": {
    "인천점": {
      "url": "https://roster-skiing-properties-concentrate.trycloudflare.com",
      "username": "seungjjj",
      "password": "rmfosem1"
    },
    "사당점": {
      "url": "https://voters-rainbow-vertex-hurricane.trycloudflare.com",
      "username": "seungjjj",
      "password": "rmfosem1"
    }
  }
}